{
    "name": "root",
    "gauges": {
        "FindTheChicken.Policy.Entropy.mean": {
            "value": 1.0671038627624512,
            "min": 1.0375715494155884,
            "max": 1.386189579963684,
            "count": 40
        },
        "FindTheChicken.Policy.Entropy.sum": {
            "value": 26641.314453125,
            "min": 25941.365234375,
            "max": 35056.48046875,
            "count": 40
        },
        "FindTheChicken.Environment.EpisodeLength.mean": {
            "value": 303.24444444444447,
            "min": 140.41040462427745,
            "max": 428.2,
            "count": 40
        },
        "FindTheChicken.Environment.EpisodeLength.sum": {
            "value": 27292.0,
            "min": 18688.0,
            "max": 29061.0,
            "count": 40
        },
        "FindTheChicken.Step.mean": {
            "value": 999968.0,
            "min": 24994.0,
            "max": 999968.0,
            "count": 40
        },
        "FindTheChicken.Step.sum": {
            "value": 999968.0,
            "min": 24994.0,
            "max": 999968.0,
            "count": 40
        },
        "FindTheChicken.Policy.ExtrinsicValueEstimate.mean": {
            "value": -0.006400710437446833,
            "min": -0.10239999741315842,
            "max": 0.0724332258105278,
            "count": 40
        },
        "FindTheChicken.Policy.ExtrinsicValueEstimate.sum": {
            "value": -5.280586242675781,
            "min": -86.73279571533203,
            "max": 60.40930938720703,
            "count": 40
        },
        "FindTheChicken.Environment.CumulativeReward.mean": {
            "value": -1.1223772951091329,
            "min": -3.806580059014369,
            "max": 1.0010903062633214,
            "count": 40
        },
        "FindTheChicken.Environment.CumulativeReward.sum": {
            "value": -101.01395655982196,
            "min": -262.65402407199144,
            "max": 78.08504388853908,
            "count": 40
        },
        "FindTheChicken.Policy.ExtrinsicReward.mean": {
            "value": -1.1223772951091329,
            "min": -3.806580059014369,
            "max": 1.0010903062633214,
            "count": 40
        },
        "FindTheChicken.Policy.ExtrinsicReward.sum": {
            "value": -101.01395655982196,
            "min": -262.65402407199144,
            "max": 78.08504388853908,
            "count": 40
        },
        "FindTheChicken.IsTraining.mean": {
            "value": 1.0,
            "min": 1.0,
            "max": 1.0,
            "count": 40
        },
        "FindTheChicken.IsTraining.sum": {
            "value": 1.0,
            "min": 1.0,
            "max": 1.0,
            "count": 40
        },
        "FindTheChicken.Losses.PolicyLoss.mean": {
            "value": 0.016305388607886724,
            "min": 0.014234111996807365,
            "max": 0.020355543102292966,
            "count": 19
        },
        "FindTheChicken.Losses.PolicyLoss.sum": {
            "value": 0.016305388607886724,
            "min": 0.014234111996807365,
            "max": 0.020355543102292966,
            "count": 19
        },
        "FindTheChicken.Losses.ValueLoss.mean": {
            "value": 0.8882870359553231,
            "min": 0.0034606801863345834,
            "max": 0.8882870359553231,
            "count": 19
        },
        "FindTheChicken.Losses.ValueLoss.sum": {
            "value": 0.8882870359553231,
            "min": 0.0034606801863345834,
            "max": 0.8882870359553231,
            "count": 19
        },
        "FindTheChicken.Policy.LearningRate.mean": {
            "value": 4.946495053599997e-06,
            "min": 4.946495053599997e-06,
            "max": 9.49969050031e-05,
            "count": 19
        },
        "FindTheChicken.Policy.LearningRate.sum": {
            "value": 4.946495053599997e-06,
            "min": 4.946495053599997e-06,
            "max": 9.49969050031e-05,
            "count": 19
        },
        "FindTheChicken.Policy.Epsilon.mean": {
            "value": 0.1049464,
            "min": 0.1049464,
            "max": 0.1949969,
            "count": 19
        },
        "FindTheChicken.Policy.Epsilon.sum": {
            "value": 0.1049464,
            "min": 0.1049464,
            "max": 0.1949969,
            "count": 19
        },
        "FindTheChicken.Policy.Beta.mean": {
            "value": 0.00025682535999999983,
            "min": 0.00025682535999999983,
            "max": 0.00475034531,
            "count": 19
        },
        "FindTheChicken.Policy.Beta.sum": {
            "value": 0.00025682535999999983,
            "min": 0.00025682535999999983,
            "max": 0.00475034531,
            "count": 19
        }
    },
    "metadata": {
        "timer_format_version": "0.1.0",
        "start_time_seconds": "1734001006",
        "python_version": "3.7.9 (tags/v3.7.9:13c94747c7, Aug 17 2020, 18:58:18) [MSC v.1900 64 bit (AMD64)]",
        "command_line_arguments": "C:\\Users\\AMD\\AppData\\Local\\Programs\\Python\\Python37\\Scripts\\mlagents-learn config.yaml --run-id=no coord obs",
        "mlagents_version": "0.28.0",
        "mlagents_envs_version": "0.28.0",
        "communication_protocol_version": "1.5.0",
        "pytorch_version": "1.7.1+cu110",
        "numpy_version": "1.21.6",
        "end_time_seconds": "1734001859"
    },
    "total": 853.7299585000001,
    "count": 1,
    "self": 0.006941799999935938,
    "children": {
        "run_training.setup": {
            "total": 0.11345960000000055,
            "count": 1,
            "self": 0.11345960000000055
        },
        "TrainerController.start_learning": {
            "total": 853.6095571000001,
            "count": 1,
            "self": 1.2794308000002275,
            "children": {
                "TrainerController._reset_env": {
                    "total": 8.0105802,
                    "count": 1,
                    "self": 8.0105802
                },
                "TrainerController.advance": {
                    "total": 844.2567417999999,
                    "count": 59164,
                    "self": 0.6598088000089319,
                    "children": {
                        "env_step": {
                            "total": 843.5969329999909,
                            "count": 59164,
                            "self": 519.8245443999926,
                            "children": {
                                "SubprocessEnvManager._take_step": {
                                    "total": 323.05428999999697,
                                    "count": 59164,
                                    "self": 3.3176845000040203,
                                    "children": {
                                        "TorchPolicy.evaluate": {
                                            "total": 319.73660549999295,
                                            "count": 55577,
                                            "self": 124.15847289999027,
                                            "children": {
                                                "TorchPolicy.sample_actions": {
                                                    "total": 195.57813260000268,
                                                    "count": 55577,
                                                    "self": 195.57813260000268
                                                }
                                            }
                                        }
                                    }
                                },
                                "workers": {
                                    "total": 0.7180986000013796,
                                    "count": 59164,
                                    "self": 0.0,
                                    "children": {
                                        "worker_root": {
                                            "total": 845.8348629000068,