{
    "name": "root",
    "gauges": {
        "FindTheChicken.Policy.Entropy.mean": {
            "value": 1.0624946355819702,
            "min": 1.059791922569275,
            "max": 1.3861569166183472,
            "count": 40
        },
        "FindTheChicken.Policy.Entropy.sum": {
            "value": 26602.740234375,
            "min": 26458.763671875,
            "max": 35030.921875,
            "count": 40
        },
        "FindTheChicken.Step.mean": {
            "value": 999976.0,
            "min": 24985.0,
            "max": 999976.0,
            "count": 40
        },
        "FindTheChicken.Step.sum": {
            "value": 999976.0,
            "min": 24985.0,
            "max": 999976.0,
            "count": 40
        },
        "FindTheChicken.Policy.ExtrinsicValueEstimate.mean": {
            "value": -0.07814215868711472,
            "min": -0.13096635043621063,
            "max": 0.05216560885310173,
            "count": 40
        },
        "FindTheChicken.Policy.ExtrinsicValueEstimate.sum": {
            "value": -62.357444763183594,
            "min": -106.21371459960938,
            "max": 42.462806701660156,
            "count": 40
        },
        "FindTheChicken.Environment.EpisodeLength.mean": {
            "value": 705.5428571428571,
            "min": 247.69014084507043,
            "max": 949.1,
            "count": 40
        },
        "FindTheChicken.Environment.EpisodeLength.sum": {
            "value": 24694.0,
            "min": 17586.0,
            "max": 28921.0,
            "count": 40
        },
        "FindTheChicken.Environment.CumulativeReward.mean": {
            "value": -5.387742837944201,
            "min": -7.305322502394237,
            "max": -4.190377078996208,
            "count": 40
        },
        "FindTheChicken.Environment.CumulativeReward.sum": {
            "value": -188.57099932804704,
            "min": -369.95100637199357,
            "max": -140.70000109774992,
            "count": 40
        },
        "FindTheChicken.Policy.ExtrinsicReward.mean": {
            "value": -5.387742837944201,
            "min": -7.305322502394237,
            "max": -4.190377078996208,
            "count": 40
        },
        "FindTheChicken.Policy.ExtrinsicReward.sum": {
            "value": -188.57099932804704,
            "min": -369.95100637199357,
            "max": -140.70000109774992,
            "count": 40
        },
        "FindTheChicken.IsTraining.mean": {
            "value": 1.0,
            "min": 1.0,
            "max": 1.0,
            "count": 40
        },
        "FindTheChicken.IsTraining.sum": {
            "value": 1.0,
            "min": 1.0,
            "max": 1.0,
            "count": 40
        },
        "FindTheChicken.Losses.PolicyLoss.mean": {
            "value": 0.01776568979645769,
            "min": 0.015078810476956682,
            "max": 0.021029911262707576,
            "count": 19
        },
        "FindTheChicken.Losses.PolicyLoss.sum": {
            "value": 0.01776568979645769,
            "min": 0.015078810476956682,
            "max": 0.021029911262707576,
            "count": 19
        },
        "FindTheChicken.Losses.ValueLoss.mean": {
            "value": 0.0682030045427382,
            "min": 0.044304930734344654,
            "max": 0.15690405822048584,
            "count": 19
        },
        "FindTheChicken.Losses.ValueLoss.sum": {
            "value": 0.0682030045427382,
            "min": 0.044304930734344654,
            "max": 0.15690405822048584,
            "count": 19
        },
        "FindTheChicken.Policy.LearningRate.mean": {
            "value": 4.943495056599998e-06,
            "min": 4.943495056599998e-06,
            "max": 9.49975050025e-05,
            "count": 19
        },
        "FindTheChicken.Policy.LearningRate.sum": {
            "value": 4.943495056599998e-06,
            "min": 4.943495056599998e-06,
            "max": 9.49975050025e-05,
            "count": 19
        },
        "FindTheChicken.Policy.Epsilon.mean": {
            "value": 0.1049434,
            "min": 0.1049434,
            "max": 0.1949975,
            "count": 19
        },
        "FindTheChicken.Policy.Epsilon.sum": {
            "value": 0.1049434,
            "min": 0.1049434,
            "max": 0.1949975,
            "count": 19
        },
        "FindTheChicken.Policy.Beta.mean": {
            "value": 0.00025667565999999996,
            "min": 0.00025667565999999996,
            "max": 0.00475037525,
            "count": 19
        },
        "FindTheChicken.Policy.Beta.sum": {
            "value": 0.00025667565999999996,
            "min": 0.00025667565999999996,
            "max": 0.00475037525,
            "count": 19
        }
    },
    "metadata": {
        "timer_format_version": "0.1.0",
        "start_time_seconds": "1734003114",
        "python_version": "3.7.9 (tags/v3.7.9:13c94747c7, Aug 17 2020, 18:58:18) [MSC v.1900 64 bit (AMD64)]",
        "command_line_arguments": "C:\\Users\\AMD\\AppData\\Local\\Programs\\Python\\Python37\\Scripts\\mlagents-learn config.yaml --run-id=less reward+chicken",
        "mlagents_version": "0.28.0",
        "mlagents_envs_version": "0.28.0",
        "communication_protocol_version": "1.5.0",
        "pytorch_version": "1.7.1+cu110",
        "numpy_version": "1.21.6",
        "end_time_seconds": "1734003955"
    },
    "total": 840.5377871000001,
    "count": 1,
    "self": 0.008558200000038596,
    "children": {
        "run_training.setup": {
            "total": 0.08818349999999953,
            "count": 1,
            "self": 0.08818349999999953
        },
        "TrainerController.start_learning": {
            "total": 840.4410454,
            "count": 1,
            "self": 1.2776250999951344,
            "children": {
                "TrainerController._reset_env": {
                    "total": 7.997699900000001,
                    "count": 1,
                    "self": 7.997699900000001
                },
                "TrainerController.advance": {
                    "total": 831.1004637000049,
                    "count": 56843,
                    "self": 0.6125660999956608,
                    "children": {
                        "env_step": {
                            "total": 830.4878976000092,
                            "count": 56843,
                            "self": 514.6895210000118,
                            "children": {
                                "SubprocessEnvManager._take_step": {
                                    "total": 315.101953499987,
                                    "count": 56843,
                                    "self": 3.3170396999799436,
                                    "children": {
                                        "TorchPolicy.evaluate": {
                                            "total": 311.7849138000071,
                                            "count": 55575,
                                            "self": 120.8399571000237,
                                            "children": {
                                                "TorchPolicy.sample_actions": {
                                                    "total": 190.94495669998338,
                                                    "count": 55575,
                                                    "self": 190.94495669998338
                                                }
                                            }
                                        }
                                    }
                                },
                                "workers": {
                                    "total": 0.6964231000103638,
                                    "count": 56843,
                                    "self": 0.0,
                                    "children": {
                                        "worker_root": {
                                            "total": 832.8377648999884,