{
    "name": "root",
    "gauges": {
        "FindTheChicken.Policy.Entropy.mean": {
            "value": 1.1320651769638062,
            "min": 1.1252562999725342,
            "max": 1.386142373085022,
            "count": 40
        },
        "FindTheChicken.Policy.Entropy.sum": {
            "value": 28263.138671875,
            "min": 28133.658203125,
            "max": 35105.11328125,
            "count": 40
        },
        "FindTheChicken.Step.mean": {
            "value": 999989.0,
            "min": 24975.0,
            "max": 999989.0,
            "count": 40
        },
        "FindTheChicken.Step.sum": {
            "value": 999989.0,
            "min": 24975.0,
            "max": 999989.0,
            "count": 40
        },
        "FindTheChicken.Policy.ExtrinsicValueEstimate.mean": {
            "value": -0.07224341481924057,
            "min": -0.13237443566322327,
            "max": 0.09311554580926895,
            "count": 40
        },
        "FindTheChicken.Policy.ExtrinsicValueEstimate.sum": {
            "value": -59.239601135253906,
            "min": -107.35566711425781,
            "max": 77.09967041015625,
            "count": 40
        },
        "FindTheChicken.Environment.EpisodeLength.mean": {
            "value": 321.15909090909093,
            "min": 146.6987951807229,
            "max": 662.7555555555556,
            "count": 40
        },
        "FindTheChicken.Environment.EpisodeLength.sum": {
            "value": 28262.0,
            "min": 18307.0,
            "max": 30490.0,
            "count": 40
        },
        "FindTheChicken.Environment.CumulativeReward.mean": {
            "value": -1.7245901135029271,
            "min": -8.371975876825552,
            "max": -0.4378865982964635,
            "count": 40
        },
        "FindTheChicken.Environment.CumulativeReward.sum": {
            "value": -151.7639299882576,
            "min": -376.7389144571498,
            "max": -52.59497311338782,
            "count": 40
        },
        "FindTheChicken.Policy.ExtrinsicReward.mean": {
            "value": -1.7245901135029271,
            "min": -8.371975876825552,
            "max": -0.4378865982964635,
            "count": 40
        },
        "FindTheChicken.Policy.ExtrinsicReward.sum": {
            "value": -151.7639299882576,
            "min": -376.7389144571498,
            "max": -52.59497311338782,
            "count": 40
        },
        "FindTheChicken.IsTraining.mean": {
            "value": 1.0,
            "min": 1.0,
            "max": 1.0,
            "count": 40
        },
        "FindTheChicken.IsTraining.sum": {
            "value": 1.0,
            "min": 1.0,
            "max": 1.0,
            "count": 40
        },
        "FindTheChicken.Losses.PolicyLoss.mean": {
            "value": 0.01738033569805945,
            "min": 0.014669941062392253,
            "max": 0.020301237873758912,
            "count": 19
        },
        "FindTheChicken.Losses.PolicyLoss.sum": {
            "value": 0.01738033569805945,
            "min": 0.014669941062392253,
            "max": 0.020301237873758912,
            "count": 19
        },
        "FindTheChicken.Losses.ValueLoss.mean": {
            "value": 0.60435917476813,
            "min": 0.00531128697265457,
            "max": 0.7367051848106914,
            "count": 19
        },
        "FindTheChicken.Losses.ValueLoss.sum": {
            "value": 0.60435917476813,
            "min": 0.00531128697265457,
            "max": 0.7367051848106914,
            "count": 19
        },
        "FindTheChicken.Policy.LearningRate.mean": {
            "value": 4.945795054299998e-06,
            "min": 4.945795054299998e-06,
            "max": 9.49996050004e-05,
            "count": 19
        },
        "FindTheChicken.Policy.LearningRate.sum": {
            "value": 4.945795054299998e-06,
            "min": 4.945795054299998e-06,
            "max": 9.49996050004e-05,
            "count": 19
        },
        "FindTheChicken.Policy.Epsilon.mean": {
            "value": 0.10494570000000002,
            "min": 0.10494570000000002,
            "max": 0.19499960000000002,
            "count": 19
        },
        "FindTheChicken.Policy.Epsilon.sum": {
            "value": 0.10494570000000002,
            "min": 0.10494570000000002,
            "max": 0.19499960000000002,
            "count": 19
        },
        "FindTheChicken.Policy.Beta.mean": {
            "value": 0.00025679042999999987,
            "min": 0.00025679042999999987,
            "max": 0.004750480039999999,
            "count": 19
        },
        "FindTheChicken.Policy.Beta.sum": {
            "value": 0.00025679042999999987,
            "min": 0.00025679042999999987,
            "max": 0.004750480039999999,
            "count": 19
        }
    },
    "metadata": {
        "timer_format_version": "0.1.0",
        "start_time_seconds": "1733998859",
        "python_version": "3.7.9 (tags/v3.7.9:13c94747c7, Aug 17 2020, 18:58:18) [MSC v.1900 64 bit (AMD64)]",
        "command_line_arguments": "C:\\Users\\AMD\\AppData\\Local\\Programs\\Python\\Python37\\Scripts\\mlagents-learn config.yaml --run-id=adjusted rays",
        "mlagents_version": "0.28.0",
        "mlagents_envs_version": "0.28.0",
        "communication_protocol_version": "1.5.0",
        "pytorch_version": "1.7.1+cu110",
        "numpy_version": "1.21.6",
        "end_time_seconds": "1733999762"
    },
    "total": 902.7257244,
    "count": 1,
    "self": 0.009501900000032037,
    "children": {
        "run_training.setup": {
            "total": 0.1321437999999997,
            "count": 1,
            "self": 0.1321437999999997
        },
        "TrainerController.start_learning": {
            "total": 902.5840787,
            "count": 1,
            "self": 1.377509999995027,
            "children": {
                "TrainerController._reset_env": {
                    "total": 4.265536900000001,
                    "count": 1,
                    "self": 4.265536900000001
                },
                "TrainerController.advance": {
                    "total": 896.8768627000048,
                    "count": 58885,
                    "self": 0.6935574999994287,
                    "children": {
                        "env_step": {
                            "total": 896.1833052000054,
                            "count": 58885,
                            "self": 561.5883871000096,
                            "children": {
                                "SubprocessEnvManager._take_step": {
                                    "total": 333.8511596999938,
                                    "count": 58885,
                                    "self": 3.7324219999835577,
                                    "children": {
                                        "TorchPolicy.evaluate": {
                                            "total": 330.11873770001023,
                                            "count": 55573,
                                            "self": 127.59515340001781,
                                            "children": {
                                                "TorchPolicy.sample_actions": {
                                                    "total": 202.52358429999242,
                                                    "count": 55573,
                                                    "self": 202.52358429999242
                                                }
                                            }
                                        }
                                    }
                                },
                                "workers": {
                                    "total": 0.7437584000019122,
                                    "count": 58885,
                                    "self": 0.0,